ID,FinalExamScore
101001,88.97600000000004
101002,87.76999999999998
101003,69.52699999999999
101004,78.94
101005,60.22999999999998
101006,82.85100000000003
101007,54.57799999999998
101008,69.53900000000004
101009,65.82200000000002
101010,87.79200000000003
101011,76.49399999999996
101012,68.29500000000003
101013,54.51999999999995
101014,48.95899999999995
101015,66.31
101016,78.86900000000001
101017,95.25300000000003
101018,83.557
101019,80.13099999999996
101020,61.962999999999994
101021,90.69900000000001
101022,68.042
101023,82.13000000000002
101024,62.055999999999955
101025,63.741999999999955
101026,72.26799999999997
101027,80.21399999999998
101028,74.41100000000004
101029,83.20100000000004
101030,75.21799999999999
101031,66.982
101032,59.21900000000001
101033,71.77200000000002
101034,60.83199999999997
101035,77.69599999999996
101036,57.62299999999996
101037,79.76500000000001
101038,101.52599999999995
101039,84.37700000000001
101040,67.60699999999999
101041,85.26400000000001
101042,96.27600000000001
101043,68.22299999999997
101044,58.69699999999999
101045,89.32200000000003
101046,81.83899999999998
101047,76.13099999999999
101048,66.33600000000003
101049,58.05699999999996
101050,65.18299999999995
101051,93.06700000000002
101052,85.495
101053,88.41799999999999
101054,71.90200000000003
101055,67.001
101056,90.72800000000008
101057,82.65900000000002
101058,68.74100000000001
101059,73.33199999999998
101060,66.50699999999998
101061,61.99300000000002
101062,78.51200000000001
101063,73.45699999999997
101064,67.518
101065,84.98499999999999
101066,74.248
101067,61.970999999999975
101068,71.568
101069,72.26799999999994
101070,91.11100000000002
101071,92.32799999999999
101072,73.28800000000003
101073,66.38699999999996
101074,83.206
101075,82.01999999999997
101076,77.60799999999999
101077,77.25799999999998
101078,75.37000000000005
101079,74.187
101080,80.70699999999994
101081,73.84099999999995
101082,66.558
101083,103.93499999999999
101084,61.46899999999996
101085,75.79400000000005
101086,76.51400000000004
101087,77.74700000000003
101088,59.88099999999996
101089,77.12499999999997
101090,68.37900000000003
101091,61.32000000000002
101092,73.81800000000001
101093,94.54300000000003
101094,58.37199999999998
101095,80.927
101096,60.54199999999999
101097,64.86299999999999
101098,75.29199999999999
101099,86.31499999999998
101100,71.84899999999999
101101,76.87899999999995
101102,94.99700000000001
101103,65.831
101104,80.66899999999998
101105,91.12700000000002
101106,92.29
101107,63.334999999999944
101108,60.980999999999995
101109,85.60900000000004
101110,83.92399999999998
101111,60.98100000000003
101112,78.31200000000001
101113,74.22500000000002
101114,83.93799999999999
101115,85.10599999999998
101116,81.43599999999996
101117,60.61199999999997
101118,59.38900000000002
101119,79.72
101120,70.111
101121,77.86399999999999
101122,63.61699999999998
101123,86.509
101124,74.38399999999996
101125,80.014
101126,78.29700000000003
101127,76.02199999999998
101128,68.08999999999997
101129,57.263000000000005
101130,85.82800000000003
101131,71.598
101132,70.12700000000001
101133,73.18399999999998
101134,66.04399999999995
101135,76.33900000000001
101136,73.62400000000001
101137,62.94400000000002
101138,86.58699999999997
101139,70.68799999999999
101140,79.45500000000001
101141,71.47899999999998
101142,78.90499999999999
101143,86.09800000000004
101144,88.94200000000002
101145,79.97599999999998
101146,69.99599999999998
101147,65.09899999999999
101148,89.62699999999997
101149,78.24500000000002
101150,84.42700000000002
101151,82.286
101152,74.568
101153,90.14899999999996
101154,80.855
101155,79.46699999999998
101156,66.33699999999997
101157,66.84499999999997
101158,83.64099999999999
101159,93.51300000000003
101160,88.08800000000002
101161,81.18200000000003
101162,64.92900000000003
101163,71.19999999999996
101164,51.49199999999999
101165,59.150999999999975
101166,69.97599999999996
101167,65.35099999999997
101168,78.01299999999998
101169,61.577999999999996
101170,66.25399999999996
101171,77.221
101172,70.486
101173,67.947
101174,68.788
101175,65.90700000000002
101176,62.28399999999998
101177,76.49300000000001
101178,85.78600000000002
101179,91.92800000000003
101180,92.20199999999997
101181,79.69899999999998
101182,73.31799999999998
101183,63.92399999999998
101184,76.29299999999998
101185,75.74000000000002
101186,75.05800000000002
101187,82.88799999999998
101188,77.783
101189,78.56599999999997
101190,58.36699999999996
101191,90.03499999999998
101192,86.787
101193,65.57799999999999
101194,83.541
101195,63.501
101196,68.11099999999995
101197,83.40499999999996
101198,62.76199999999995
101199,88.76600000000003
101200,69.62800000000001
